"","ID","step","angle","TimeNum","locType","time","S","Phi","Theta","V.m.hr","location","exposure","year","release.time","time.since.release.h","exp.alt","HoD","bottom.temp","bottom.vel","bottom.bearing","time.since.release.h.trunc","an.rec.num","mu.x","nu.x","mu.y","nu.y","se.mu.x","se.nu.x","se.mu.y","se.nu.y","speed","x","y"
"1","31395",21.8580932357086,NA,419002.65,"p",2017-10-19 10:39:00,22.85278781,0.552712174,-0.074967657,80.65689817,"Carson","adjustment",2017,2017-10-19 09:30:00,1.15,"Pre",10,-0.76,8.51,86.14,1.15,1,1143976.656,58.1665890473075,5065212.575,31.6225334121102,0,3.55713648880669,0,3.55713648880669,66.2067723182333,1143976.656,5065212.575
"2","31395",22.3022427911819,-2.98031182405366,419003.65,"p",2017-10-19 11:39:00,NA,NA,NA,NA,NA,NA,NA,NA,NA,NA,NA,NA,NA,NA,NA,NA,1143995.57746059,-34.9168531959599,5065223.51824308,-11.5749818690668,0.582897932746377,4.67981303045325,0.582897932746377,4.67981303045325,36.7854161642551,1143995.57746059,5065223.51824308
"3","31395",37.320373689707,2.33128055722448,419004.65,"p",2017-10-19 12:39:00,NA,NA,NA,NA,NA,NA,NA,NA,NA,NA,NA,NA,NA,NA,NA,NA,1143978.31506786,36.0016749661101,5065209.39734259,-20.9767180355139,0.0533853912601566,3.59492419947904,0.0533853912601566,3.59492419947904,41.6670529304257,1143978.31506786,5065209.39734259
"4","31395",16.5076399215613,-1.52274327765484,419005.65,"p",2017-10-19 13:39:00,NA,NA,NA,NA,NA,NA,NA,NA,NA,NA,NA,NA,NA,NA,NA,NA,1144015.34573161,15.1072957837935,5065204.75619677,-7.63571135418881,0.0835463942968217,2.45974592183827,0.0835463942968217,2.45974592183827,16.9273291981787,1144015.34573161,5065204.75619677
"5","31395",41.8384366957485,1.08360371448666,419006.65,"p",2017-10-19 14:39:00,16.16867084,-1.691266429,-1.192933467,17.01965352,"Carson","adjustment",2017,2017-10-19 09:30:00,5.15,"Pre",14,-0.86,8.51,86.14,5.15,1,1144014.082,23.048340623083,5065188.297,-25.3981613196153,0,7.40615082212076,0,7.40615082212076,34.2971223850465,1144014.082,5065188.297
"6","31395",9.19218189047259,2.56112437053266,419007.65,"p",2017-10-19 15:39:00,NA,NA,NA,NA,NA,NA,NA,NA,NA,NA,NA,NA,NA,NA,NA,NA,1144049.44463199,31.4312161323365,5065165.93768329,-14.2512456141775,0.34416565778706,6.82452928779707,0.34416565778706,6.82452928779707,34.5111481859596,1144049.44463199,5065165.93768329
"7","31395",13.96467735343,2.44352069851886,419008.65,"p",2017-10-19 16:39:00,NA,NA,NA,NA,NA,NA,NA,NA,NA,NA,NA,NA,NA,NA,NA,NA,1144045.64189585,-11.5468132108688,5065174.30639919,5.76863433965977,0.0442718872423573,2.85585363770625,0.0442718872423573,2.85585363770625,12.907596115133,1144045.64189585,5065174.30639919
"8","31395",47.7716203820521,1.21644775224166,419009.65,"p",2017-10-19 17:39:00,NA,NA,NA,NA,NA,NA,NA,NA,NA,NA,NA,NA,NA,NA,NA,NA,1144041.89600766,33.6506529853034,5065160.85349856,-25.3116655906961,0.0424264068711929,2.75347961677584,0.0424264068711929,2.75347961677584,42.1075629942239,1144041.89600766,5065160.85349856
"9","31395",79.7119059859399,0.528548168538801,419010.65,"p",2017-10-19 18:39:00,NA,NA,NA,NA,NA,NA,NA,NA,NA,NA,NA,NA,NA,NA,NA,NA,1144080.61145479,80.4770321477199,5065132.86703992,-6.01483839325442,2.41036096881774,8.08188468118668,2.41036096881774,8.08188468118668,80.701493072942,1144080.61145479,5065132.86703992
"10","31395",52.4535019078208,0.650155842732321,419011.65,"p",2017-10-19 19:39:00,NA,NA,NA,NA,NA,NA,NA,NA,NA,NA,NA,NA,NA,NA,NA,NA,1144159.94581731,70.4604393273502,5065125.11804771,-17.769115269407,0.119707978013163,4.60220056060142,0.119707978013163,4.60220056060142,72.6664638444769,1144159.94581731,5065125.11804771
"11","31395",63.5159804947608,0.0904898990492624,419012.65,"p",2017-10-19 20:39:00,NA,NA,NA,NA,NA,NA,NA,NA,NA,NA,NA,NA,NA,NA,NA,NA,1144204.58705843,40.2079565555917,5065152.65946113,67.1215248822638,0.868786510024183,6.80163289218111,0.868786510024183,6.80163289218111,78.2430755587784,1144204.58705843,5065152.65946113
"12","31395",66.2212776030648,0.285144910331926,419013.65,"p",2017-10-19 21:39:00,NA,NA,NA,NA,NA,NA,NA,NA,NA,NA,NA,NA,NA,NA,NA,NA,1144255.40828733,83.0078143024514,5065190.75778749,58.9304971915792,0.571331777516357,4.5640048203305,0.571331777516357,4.5640048203305,101.799315982559,1144255.40828733,5065190.75778749
"13","31395",50.1633623566108,-0.0930550468072102,419014.65,"p",2017-10-19 22:39:00,NA,NA,NA,NA,NA,NA,NA,NA,NA,NA,NA,NA,NA,NA,NA,NA,1144295.08120779,11.7117174069162,5065243.77964137,33.5132316703969,0.053103672189407,3.00918759800714,0.053103672189407,3.00918759800714,35.5007186069967,1144295.08120779,5065243.77964137
"14","31395",22.6832461448992,-0.540082505409427,419015.65,"p",2017-10-19 23:39:00,1.958974017,0.638597264,-0.219825371,39.17948034,"Carson","adjustment",2017,2017-10-19 09:30:00,14.15,"Pre",23,-0.82,8.51,86.14,14.15,1,1144328.736,32.0135683932832,5065280.978,18.1347758469336,0,2.67942717758852,0,2.67942717758852,36.7931876342611,1144328.736,5065280.978
"15","31395",38.5908894926716,-0.049315448523468,419016.65,"p",2017-10-20 00:39:00,NA,NA,NA,NA,NA,NA,NA,NA,NA,NA,NA,NA,NA,NA,NA,NA,1144350.43748586,25.7429912054239,5065287.57914891,23.0587051575124,0.0428952211790544,2.41588907030104,0.0428952211790544,2.41588907030104,34.5601718708634,1144350.43748586,5065287.57914891
"16","31395",25.0076469266313,-0.451745057615837,419017.65,"p",2017-10-20 01:39:00,NA,NA,NA,NA,NA,NA,NA,NA,NA,NA,NA,NA,NA,NA,NA,NA,1144387.86683774,23.1876636324519,5065296.97597657,-2.36087642461808,0.071133676975115,4.05742529198012,0.071133676975115,4.05742529198012,23.3075413165793,1144387.86683774,5065296.97597657
"17","31395",53.2418887566692,0.121764102752743,419018.65,"p",2017-10-20 02:39:00,NA,NA,NA,NA,NA,NA,NA,NA,NA,NA,NA,NA,NA,NA,NA,NA,1144412.34690335,27.5001135892514,5065291.86630022,6.78176178776865,0.122024587686253,4.30960671059437,0.122024587686253,4.30960671059437,28.3239923098381,1144412.34690335,5065291.86630022
"18","31395",35.2591803250472,0.182305834896259,419019.65,"p",2017-10-20 03:39:00,NA,NA,NA,NA,NA,NA,NA,NA,NA,NA,NA,NA,NA,NA,NA,NA,1144465.40102247,61.4871637391928,5065287.39873227,0.856347426645202,0.0622896460095897,3.73231295579564,0.0622896460095897,3.73231295579564,61.4931267346639,1144465.40102247,5065287.39873227
"19","31395",37.3856718361803,-0.468213999772042,419020.65,"p",2017-10-20 04:39:00,2.45669233,0.297063375,0.207380843,8.670678812,"Carson","adjustment",2017,2017-10-19 09:30:00,19.15,"Pre",4,-0.8,8.51,86.14,19.15,1,1144500.49,7.59220875627705,5065290.859,-2.39994081012453,0,3.22133047047334,0,3.22133047047334,7.96249644841309,1144500.49,5065290.859
"20","31395",42.8198426538317,-0.181363265083249,419021.65,"p",2017-10-20 05:39:00,NA,NA,NA,NA,NA,NA,NA,NA,NA,NA,NA,NA,NA,NA,NA,NA,1144535.34679645,53.3660327622561,5065277.34263214,-25.2694109458872,0.0439317652729776,2.76011050503417,0.0439317652729776,2.76011050503417,59.0463934744055,1144535.34679645,5065277.34263214
"21","31395",17.0179183886456,0.243252360183843,419022.65,"p",2017-10-20 06:39:00,NA,NA,NA,NA,NA,NA,NA,NA,NA,NA,NA,NA,NA,NA,NA,NA,1144571.8230622,25.9170910158438,5065254.91450334,-9.34754182910907,0.400524655920207,6.72380249561214,0.400524655920207,6.72380249561214,27.551263945062,1144571.8230622,5065254.91450334
"22","31395",18.7449158876441,0.618627440470295,419023.65,"p",2017-10-20 07:39:00,2.109028985,-0.09587654,0.02913723,15.81771739,"Carson","adjustment",2017,2017-10-19 09:30:00,22.15,"Pre",7,-0.8,8.51,86.14,22.15,1,1144588.04,20.8118932112832,5065249.755,-2.45331260641678,0,3.44428657344304,0,3.44428657344304,20.9559929801157,1144588.04,5065249.755
"23","31395",28.604741136077,0.205903573910857,419024.65,"p",2017-10-20 08:39:00,NA,NA,NA,NA,NA,NA,NA,NA,NA,NA,NA,NA,NA,NA,NA,NA,1144605.88798525,6.60317222955247,5065255.48398718,9.16272893330155,0.0867179335547152,2.71130042599488,0.0867179335547152,2.71130042599488,11.2941349822948,1144605.88798525,5065255.48398718
"24","31395",36.5154089704944,0.122813873902288,419025.65,"p",2017-10-20 09:39:00,NA,NA,NA,NA,NA,NA,NA,NA,NA,NA,NA,NA,NA,NA,NA,NA,1144630.76128827,16.5897624958026,5065269.61020438,23.6207471238313,0.0304959013639538,1.92320045757066,0.0304959013639538,1.92320045757066,28.8645095983826,1144630.76128827,5065269.61020438
"25","31395",18.5043119555234,-0.406577465330205,419026.65,"p",2017-10-20 10:39:00,NA,NA,NA,NA,NA,NA,NA,NA,NA,NA,NA,NA,NA,NA,NA,NA,1144660.06504616,3.42213135218161,5065291.39700923,3.72779696869548,0.226163657557973,3.51018518030032,0.226163657557973,3.51018518030032,5.06038073976648,1144660.06504616,5065291.39700923
"26","31395",30.2699408060276,0.352006563985281,419027.65,"p",2017-10-20 11:39:00,NA,NA,NA,NA,NA,NA,NA,NA,NA,NA,NA,NA,NA,NA,NA,NA,1144678.07045151,20.2208225303427,5065295.66490558,3.38824219583644,0.24273442277518,3.52047297958669,0.24273442277518,3.52047297958669,20.5027278424424,1144678.07045151,5065295.66490558
"27","31395",41.4897414926781,0.00756307128722111,419028.65,"p",2017-10-20 12:39:00,NA,NA,NA,NA,NA,NA,NA,NA,NA,NA,NA,NA,NA,NA,NA,NA,1144703.31112245,38.9689235670846,5065312.37352153,28.804613590012,1.00470393649075,6.39158587519561,1.00470393649075,6.39158587519561,48.4590834420874,1144703.31112245,5065312.37352153
"28","31395",16.0851715848,0.894509918124589,419029.65,"p",2017-10-20 13:39:00,NA,NA,NA,NA,NA,NA,NA,NA,NA,NA,NA,NA,NA,NA,NA,NA,1144737.73325838,-2.14090146997336,5065335.53631944,16.2678118127642,0.333901182986823,5.46229713582116,0.333901182986823,5.46229713582116,16.4080821633621,1144737.73325838,5065335.53631944
"29","31395",2.61915759492183,0.88873424005635,419030.65,"p",2017-10-20 14:39:00,NA,NA,NA,NA,NA,NA,NA,NA,NA,NA,NA,NA,NA,NA,NA,NA,1144739.08247136,3.5458829385324,5065351.56480562,15.4032527352323,0.826432090374037,7.0495751645046,0.826432090374037,7.0495751645046,15.8061216191454,1144739.08247136,5065351.56480562
"30","31395",7.14054067465901,2.82882652668922,419031.65,"p",2017-10-20 15:39:00,NA,NA,NA,NA,NA,NA,NA,NA,NA,NA,NA,NA,NA,NA,NA,NA,1144737.19494483,-3.69684789543559,5065353.38063329,-5.78118319413266,3.00950494267745,8.2552171382708,3.00950494267745,8.2552171382708,6.86212528930422,1144737.19494483,5065353.38063329
"31","31395",2.1210088220996,-2.22858587666778,419032.65,"p",2017-10-20 16:39:00,0.522745852,0.210988084,0.569059885,7.84118778,"Carson","after",2017,2017-10-19 09:30:00,31.15,"Post",16,-0.84,8.51,86.14,31.15,1,1144740.568,3.16335549020638,5065347.087,5.09704037841901,0,2.59394679976286,0,2.59394679976286,5.9988864447206,1144740.568,5065347.087
"32","31395",3.41644559428787,-1.75779435887249,419033.65,"p",2017-10-20 17:39:00,NA,NA,NA,NA,NA,NA,NA,NA,NA,NA,NA,NA,NA,NA,NA,NA,1144738.47607713,12.0958901890523,5065347.43705306,-20.6248701072359,0.0811788149704096,2.63113663651282,0.0811788149704096,2.63113663651282,23.9101615721427,1144738.47607713,5065347.43705306
"33","31395",15.266642850814,-0.465753601870281,419034.65,"p",2017-10-20 18:39:00,NA,NA,NA,NA,NA,NA,NA,NA,NA,NA,NA,NA,NA,NA,NA,NA,1144739.65654212,-13.075571344721,5065350.64307909,41.7392913006796,0.0354964786985977,2.32870564906774,0.0354964786985977,2.32870564906774,43.7394444897723,1144739.65654212,5065350.64307909
"34","31395",15.1876840031973,0.240187130126818,419035.65,"p",2017-10-20 19:39:00,NA,NA,NA,NA,NA,NA,NA,NA,NA,NA,NA,NA,NA,NA,NA,NA,1144750.80358147,5.15030892437886,5065361.07446911,20.3468856236417,0.0487852436706019,2.93272569463972,0.0487852436706019,2.93272569463972,20.9886025403812,1144750.80358147,5065361.07446911
"35","31395",42.1484065774494,-0.646813433547123,419036.65,"p",2017-10-20 20:39:00,2.290842116,-0.308560813,0.171791629,27.4901054,"Carson","after",2017,2017-10-19 09:30:00,35.15,"Post",20,-0.88,8.51,86.14,35.15,1,1144759.106,32.5266322196243,5065373.792,-4.08293725154195,0,3.08356449583919,0,3.08356449583919,32.7818879894178,1144759.106,5065373.792
"36","31395",29.6411193746835,0.0474308502592468,419037.65,"p",2017-10-20 21:39:00,7.18304175,0.307016398,-0.012915498,61.56892928,"Carson","after",2017,2017-10-19 09:30:00,36.15,"Post",21,-0.84,8.51,86.14,36.15,1,1144798.762,58.7175426479664,5065388.071,18.1880283315768,0,3.15258623989892,0,3.15258623989892,61.4699454140476,1144798.762,5065388.071
"37","31395",36.4477279288844,0.2296773016865,419038.65,"p",2017-10-20 22:39:00,NA,NA,NA,NA,NA,NA,NA,NA,NA,NA,NA,NA,NA,NA,NA,NA,1144826.14284325,29.4743670525273,5065399.42376975,18.4739580899757,0.0519615242270663,2.01463396179058,0.0519615242270663,2.01463396179058,34.7854199436673,1144826.14284325,5065399.42376975
"38","31395",33.2128846821436,0.0777496541840492,419039.65,"p",2017-10-20 23:39:00,1.453933521,0.381024316,-0.341502842,17.44720225,"Carson","after",2017,2017-10-19 09:30:00,38.15,"Post",23,-0.9,8.51,86.14,38.15,1,1144855.749,16.108947522751,5065420.682,2.40198774904194,0,3.26334644192124,0,3.26334644192124,16.2870419486564,1144855.749,5065420.682
"39","31395",29.3372169002728,-0.863636304486714,419040.65,"p",2017-10-21 00:39:00,NA,NA,NA,NA,NA,NA,NA,NA,NA,NA,NA,NA,NA,NA,NA,NA,1144881.14141104,17.4885188290955,5065442.0904369,-5.80901906962957,0.0357770876399966,2.35571220653118,0.0357770876399966,2.35571220653118,18.4280490933509,1144881.14141104,5065442.0904369
"40","31395",44.8111002884268,0.433222472178723,419041.65,"p",2017-10-21 01:39:00,3.563960541,0.147432515,0.057588808,42.76752649,"Carson","after",2017,2017-10-19 09:30:00,40.15,"Post",1,-0.9,8.51,86.14,40.15,1,1144910.089,47.0030308931222,5065437.325,7.68274504226889,0,3.14615638517859,0,3.14615638517859,47.6267727704104,1144910.089,5065437.325
"41","31395",33.1446995103983,-0.337160142638995,419042.65,"p",2017-10-21 02:39:00,NA,NA,NA,NA,NA,NA,NA,NA,NA,NA,NA,NA,NA,NA,NA,NA,1144953.27588177,38.8918734949495,5065449.2802479,28.1350328738827,0.265160328857844,3.95651867176183,0.265160328857844,3.95651867176183,48.0016447505876,1144953.27588177,5065449.2802479
"42","31395",43.8048471562447,-0.00952168625507217,419043.65,"p",2017-10-21 03:39:00,3.634409272,-1.182418008,-0.219427548,43.61291126,"Carson","after",2017,2017-10-19 09:30:00,42.15,"Post",3,-0.9,8.51,86.14,42.15,1,1144986.346,18.1889434468606,5065447.058,-37.6689421163259,0,2.69269938908895,0,2.69269938908895,41.8304537852054,1144986.346,5065447.058
"43","31395",5.4386345684287,0.221516255071338,419044.65,"p",2017-10-21 04:39:00,NA,NA,NA,NA,NA,NA,NA,NA,NA,NA,NA,NA,NA,NA,NA,NA,1145030.02233291,34.7964978578657,5065443.70500467,22.7499387401247,0.0454972526643093,2.871816498316,0.0454972526643093,2.871816498316,41.5735008852019,1145030.02233291,5065443.70500467
"44","31395",6.62232321148017,2.08141627037904,419045.65,"p",2017-10-21 05:39:00,NA,NA,NA,NA,NA,NA,NA,NA,NA,NA,NA,NA,NA,NA,NA,NA,1145035.40397455,-15.8464618560716,5065444.49029392,-12.5760627338285,0.169705627484771,3.05682024332475,0.169705627484771,3.05682024332475,20.2303659690358,1145035.40397455,5065444.49029392
"45","31395",19.6012927624897,-2.74743604137478,419046.65,"p",2017-10-21 06:39:00,NA,NA,NA,NA,NA,NA,NA,NA,NA,NA,NA,NA,NA,NA,NA,NA,1145031.36720881,8.04670663287115,5065449.74002602,-1.97150253602241,0.0309838667696593,1.90587250360563,0.0309838667696593,1.90587250360563,8.28470336735331,1145031.36720881,5065449.74002602
"46","31395",12.7315391838337,1.76852920270492,419047.65,"p",2017-10-21 07:39:00,NA,NA,NA,NA,NA,NA,NA,NA,NA,NA,NA,NA,NA,NA,NA,NA,1145048.36664437,9.4331096470255,5065439.98144679,-29.9904707642936,0.0402492235949962,2.37842384784546,0.0402492235949962,2.37842384784546,31.4390186595694,1145048.36664437,5065439.98144679
"47","31395",11.7992922865595,-1.79638231661495,419048.65,"p",2017-10-21 08:39:00,NA,NA,NA,NA,NA,NA,NA,NA,NA,NA,NA,NA,NA,NA,NA,NA,1145052.41250086,31.1552674214412,5065452.05303058,22.4965203271999,0.0371483512420134,2.3698544259089,0.0371483512420134,2.3698544259089,38.4284284733794,1145052.41250086,5065452.05303058
"48","31395",37.9771080869829,1.45855404671019,419049.65,"p",2017-10-21 09:39:00,1.052612556,0.657379021,0.833474663,4.858211796,"Carson","after",2017,2017-10-19 09:30:00,48.15,"Post",9,-0.92,8.51,86.14,48.15,1,1145062.478,1.76122414550735,5065445.896,10.2709665945215,0,3.46949996397175,0,3.46949996397175,10.4208764159496,1145062.478,5065445.896
"49","31395",23.0327745854221,-0.167607470969969,419050.65,"p",2017-10-21 10:39:00,NA,NA,NA,NA,NA,NA,NA,NA,NA,NA,NA,NA,NA,NA,NA,NA,1145085.79892325,32.1705571552597,5065475.86924269,23.74738861408,0.152872495891184,5.06072623246901,0.152872495891184,5.06072623246901,39.9860377340387,1145085.79892325,5065475.86924269
"50","31395",20.5811928648937,-1.18568060661108,419051.65,"p",2017-10-21 11:39:00,NA,NA,NA,NA,NA,NA,NA,NA,NA,NA,NA,NA,NA,NA,NA,NA,1145102.77725795,21.4254008565553,5065491.43345985,13.6118614263367,0.351965907439911,3.92703450455939,0.351965907439911,3.92703450455939,25.3836674527909,1145102.77725795,5065491.43345985
"51","31395",10.198413710333,1.19446989432852,419052.65,"p",2017-10-21 12:39:00,NA,NA,NA,NA,NA,NA,NA,NA,NA,NA,NA,NA,NA,NA,NA,NA,1145121.36547931,3.23641799784931,5065482.59810324,-10.4203259126384,0.04,2.67162684520125,0.04,2.67162684520125,10.9113515928324,1145121.36547931,5065482.59810324
"52","31395",18.3155650161777,0.206544461603925,419053.65,"p",2017-10-21 13:39:00,NA,NA,NA,NA,NA,NA,NA,NA,NA,NA,NA,NA,NA,NA,NA,NA,1145128.82225722,26.4199376007794,5065489.55540914,12.9576938249454,0.109635760589326,3.92493439435617,0.109635760589326,3.92493439435617,29.4264325410014,1145128.82225722,5065489.55540914
"53","31395",31.8797332837361,-1.42557978923296,419054.65,"p",2017-10-21 14:39:00,1.744443016,-0.651392004,-0.049011571,20.93331619,"Carson","after",2017,2017-10-19 09:30:00,53.15,"Post",14,-0.9,8.51,86.14,53.15,1,1145139.367,21.2003988425615,5065504.531,-15.8842868165503,0,3.07614206433968,0,3.07614206433968,26.4908942611252,1145139.367,5065504.531
"54","31395",35.6709321500372,0.202067182633364,419055.65,"p",2017-10-21 15:39:00,NA,NA,NA,NA,NA,NA,NA,NA,NA,NA,NA,NA,NA,NA,NA,NA,1145167.81482272,27.8574985250102,5065490.14215791,-1.07511742261607,0.123247718031613,2.74393877482716,0.123247718031613,2.74393877482716,27.8782370594584,1145167.81482272,5065490.14215791
"55","31395",55.1988570579512,-0.0271760576234464,419056.65,"p",2017-10-21 16:39:00,NA,NA,NA,NA,NA,NA,NA,NA,NA,NA,NA,NA,NA,NA,NA,NA,1145202.22926292,63.4346712076797,5065480.758038,-25.8078617867228,0.119289563667573,3.75686837672016,0.119289563667573,3.75686837672016,68.483598337332,1145202.22926292,5065480.758038
"56","31395",82.5898793122172,0.155935485827555,419057.65,"p",2017-10-21 17:39:00,NA,NA,NA,NA,NA,NA,NA,NA,NA,NA,NA,NA,NA,NA,NA,NA,1145255.06951548,73.8882274301254,5065464.79490769,-12.1531651405874,2.04674619823758,9.98288435273093,2.04674619823758,9.98288435273093,74.8810361553599,1145255.06951548,5065464.79490769
"57","31395",NA,NA,419058.65,"p",2017-10-21 18:39:00,NA,NA,NA,NA,NA,NA,NA,NA,NA,NA,NA,NA,NA,NA,NA,NA,1145336.8804761,86.6287777473978,5065453.47877377,-11.3052192216157,0.357924573059744,10.9747797244409,0.357924573059744,10.9747797244409,87.3633396548966,1145336.8804761,5065453.47877377
"58","53259",42.6707058589062,NA,418023.916666667,"p",2017-09-08 15:55:00,1.458270156,1.765313098,0.063522289,29.16540313,"Carson","adjustment",2017,2017-09-08 14:10:00,1.75,"Pre",15,-0.84,19.65,240.49,1.75,1,1143929.819,-7.38153536246147,5065371.182,29.6006453130191,0,3.47924991916361,0,3.47924991916361,30.5071346942716,1143929.819,5065371.182
"59","53259",36.6990031113045,-0.0183338747273329,418024.916666667,"p",2017-09-08 16:55:00,NA,NA,NA,NA,NA,NA,NA,NA,NA,NA,NA,NA,NA,NA,NA,NA,1143913.60832027,-20.5580913230778,5065410.65354673,37.7886506224963,0.0508920425999979,3.07351264842037,0.0508920425999979,3.07351264842037,43.0188009446695,1143913.60832027,5065410.65354673
"60","53259",49.4700460571157,-0.419001012243422,418025.916666667,"p",2017-09-08 17:55:00,3.268073152,1.55804211,-0.043101004,49.02109728,"Carson","adjustment",2017,2017-09-08 14:10:00,3.75,"Pre",17,-0.84,19.65,240.49,3.75,1,1143900.291,1.17851858139489,5065444.851,49.3127640693602,0,2.16742473917781,0,2.16742473917781,49.326844681239,1143900.291,5065444.851
"61","53259",62.3154130148475,0.202422808519786,418026.916666667,"p",2017-09-08 18:55:00,NA,NA,NA,NA,NA,NA,NA,NA,NA,NA,NA,NA,NA,NA,NA,NA,1143902.64709423,1.01924418138681,5065494.26490773,48.0530062459269,0.0431277173056957,3.0006316001802,0.0431277173056957,3.0006316001802,48.0638145383029,1143902.64709423,5065494.26490773
"62","53259",88.8709245344706,0.029633517998481,418027.916666667,"p",2017-09-08 19:55:00,NA,NA,NA,NA,NA,NA,NA,NA,NA,NA,NA,NA,NA,NA,NA,NA,1143893.04049676,-16.6560247436943,5065555.83538754,81.6043001864572,1.23996774151588,5.62813468211272,1.23996774151588,5.62813468211272,83.286763469257,1143893.04049676,5065555.83538754
"63","53259",76.5662397933053,-0.11010021818611,418028.916666667,"p",2017-09-08 20:55:00,NA,NA,NA,NA,NA,NA,NA,NA,NA,NA,NA,NA,NA,NA,NA,NA,1143876.74439876,-12.5275322507874,5065643.19944432,88.4611574192491,0.396017676373164,4.90921174935447,0.396017676373164,4.90921174935447,89.3438046886727,1143876.74439876,5065643.19944432
"64","53259",31.5418541992581,-0.0749084435117249,418029.916666667,"p",2017-09-08 21:55:00,NA,NA,NA,NA,NA,NA,NA,NA,NA,NA,NA,NA,NA,NA,NA,NA,1143871.05988939,-5.84444892282003,5065719.55437494,48.4667581948082,0.688970246091948,3.89539728397502,0.688970246091948,3.89539728397502,48.8178679698884,1143871.05988939,5065719.55437494
"65","53259",77.1752346348703,-0.277416550611707,418030.916666667,"p",2017-09-08 22:55:00,NA,NA,NA,NA,NA,NA,NA,NA,NA,NA,NA,NA,NA,NA,NA,NA,1143871.07872122,8.22811079056109,5065751.09622352,32.5746258415983,0.0420713679359253,2.9020527217816,0.0420713679359253,2.9020527217816,33.597738851028,1143871.07872122,5065751.09622352
"66","53259",108.872001685476,0.16421561920546,418031.916666667,"p",2017-09-08 23:55:00,NA,NA,NA,NA,NA,NA,NA,NA,NA,NA,NA,NA,NA,NA,NA,NA,1143892.25916009,23.7360151249579,5065825.30812182,94.5950554935469,0.208230641357126,3.29535430568551,0.208230641357126,3.29535430568551,97.5275496351643,1143892.25916009,5065825.30812182
"67","53259",92.8239052140947,0.195155681261184,418032.916666667,"p",2017-09-09 00:55:00,NA,NA,NA,NA,NA,NA,NA,NA,NA,NA,NA,NA,NA,NA,NA,NA,1143904.62185016,-2.98651737866647,5065933.47593887,113.12611456343,1.02806128222008,4.09564036507113,1.02806128222008,4.09564036507113,113.165529567406,1143904.62185016,5065933.47593887
"68","53259",49.2659573454108,0.0598520618137395,418033.916666667,"p",2017-09-09 01:55:00,NA,NA,NA,NA,NA,NA,NA,NA,NA,NA,NA,NA,NA,NA,NA,NA,1143897.07823842,-9.79254011826767,5066025.99280923,66.2592309249577,0.782214804257756,3.52944188222444,0.782214804257756,3.52944188222444,66.9789483698778,1143897.07823842,5066025.99280923
"69","53259",9.24364914363443,-0.0472098578498688,418034.916666667,"p",2017-09-09 02:55:00,NA,NA,NA,NA,NA,NA,NA,NA,NA,NA,NA,NA,NA,NA,NA,NA,1143890.14450103,-3.6514177228976,5066074.76839573,27.0347943333374,0.938243038876388,5.05756660855791,0.938243038876388,5.05756660855791,27.2802667881555,1143890.14450103,5066074.76839573
"70","53259",27.7096300884464,-0.595318598397845,418035.916666667,"p",2017-09-09 03:55:00,NA,NA,NA,NA,NA,NA,NA,NA,NA,NA,NA,NA,NA,NA,NA,NA,1143889.27687786,4.16989756175034,5066083.97123658,-10.784406981277,0.0658027355054484,2.08781943663718,0.0658027355054484,2.08781943663718,11.562503172467,1143889.27687786,5066083.97123658
"71","53259",60.5627097811382,0.200106050093096,418036.916666667,"p",2017-09-09 04:55:00,NA,NA,NA,NA,NA,NA,NA,NA,NA,NA,NA,NA,NA,NA,NA,NA,1143902.59363779,19.2996516405276,5066108.27118523,56.9809431222059,0.0601664358259653,1.80933413166281,0.0601664358259653,1.80933413166281,60.1606551871053,1143902.59363779,5066108.27118523
"72","53259",37.598108950312,0.125570787080638,418037.916666667,"p",2017-09-09 05:55:00,NA,NA,NA,NA,NA,NA,NA,NA,NA,NA,NA,NA,NA,NA,NA,NA,1143920.56128958,13.7024954098711,5066166.10720606,65.4957935778887,0.0303315017762062,1.15442193326357,0.0303315017762062,1.15442193326357,66.9138054279903,1143920.56128958,5066166.10720606
"73","53259",2.54738586196745,-0.88240879232472,418038.916666667,"p",2017-09-09 06:55:00,NA,NA,NA,NA,NA,NA,NA,NA,NA,NA,NA,NA,NA,NA,NA,NA,1143927.13118872,3.12291853897828,5066203.12685249,2.43931410240345,1.31587233423307,4.30996055666406,1.31587233423307,4.30996055666406,3.96268513653035,1143927.13118872,5066203.12685249
"74","53259",6.853429146082,-1.11630266590894,418039.916666667,"p",2017-09-09 07:55:00,NA,NA,NA,NA,NA,NA,NA,NA,NA,NA,NA,NA,NA,NA,NA,NA,1143929.35098289,2.03871834633879,5066204.37652787,2.66026556036171,0.0258843582110896,1.75708850090142,0.0258843582110896,1.75708850090142,3.35162428493185,1143929.35098289,5066204.37652787
"75","53259",7.83482363375684,3.13119926913829,418040.916666667,"p",2017-09-09 08:55:00,NA,NA,NA,NA,NA,NA,NA,NA,NA,NA,NA,NA,NA,NA,NA,NA,1143934.99356172,-2.63500898370457,5066200.48669557,9.65064046451628,0.0289827534923789,1.142287179303,0.0289827534923789,1.142287179303,10.0039059231664,1143934.99356172,5066200.48669557
"76","53259",4.30036061811841,-0.20460875902564,418041.916666667,"p",2017-09-09 09:55:00,NA,NA,NA,NA,NA,NA,NA,NA,NA,NA,NA,NA,NA,NA,NA,NA,1143928.5895446,-1.83841543038068,5066205.00034445,-1.15568391504796,0.0722495674727538,1.72049411507276,0.0722495674727538,1.72049411507276,2.17149179279185,1143928.5895446,5066205.00034445
"77","53259",22.74805188975,-0.102833180238997,418042.916666667,"p",2017-09-09 10:55:00,NA,NA,NA,NA,NA,NA,NA,NA,NA,NA,NA,NA,NA,NA,NA,NA,1143925.65122005,-6.3582012904692,5066208.14030468,14.8302669473408,0.0324037034920393,1.95464830596197,0.0324037034920393,1.95464830596197,16.1357844984219,1143925.65122005,5066208.14030468
"78","53259",68.3548554827313,-0.110491981680984,418043.916666667,"p",2017-09-09 11:55:00,NA,NA,NA,NA,NA,NA,NA,NA,NA,NA,NA,NA,NA,NA,NA,NA,1143911.89520352,-24.5887857199877,5066226.25786174,34.4464041199204,0.102029407525478,2.27728566499682,0.102029407525478,2.27728566499682,42.3221353428244,1143911.89520352,5066226.25786174
"79","53259",57.4612309220767,0.121903449804537,418044.916666667,"p",2017-09-09 12:55:00,NA,NA,NA,NA,NA,NA,NA,NA,NA,NA,NA,NA,NA,NA,NA,NA,1143876.81531841,-38.3999979974776,5066284.92461492,58.6138710078929,0.0458257569495584,3.03874316124282,0.0458257569495584,3.03874316124282,70.0724319596244,1143876.81531841,5066284.92461492
"80","53259",40.7837681995414,-0.0388842486794663,418045.916666667,"p",2017-09-09 13:55:00,NA,NA,NA,NA,NA,NA,NA,NA,NA,NA,NA,NA,NA,NA,NA,NA,1143841.54786282,-29.166235081468,5066330.2897958,44.1356222770452,0.120249740124459,2.1947915618573,0.120249740124459,2.1947915618573,52.9020077370364,1143841.54786282,5066330.2897958
"81","53259",38.9860568629524,-0.111385298370612,418046.916666667,"p",2017-09-09 14:55:00,8.846746404,2.272681652,0.072680444,33.17529901,"Carson","before",2017,2017-09-08 14:10:00,24.75,"Pre",14,-0.98,19.65,240.49,24.75,1,1143817.787,-20.7796428086813,5066363.437,25.5050640038692,0,2.24774108829287,0,2.24774108829287,32.8983562674162,1143817.787,5066363.437
"82","53259",49.4783793183824,-0.163860632956925,418047.916666667,"p",2017-09-09 15:55:00,NA,NA,NA,NA,NA,NA,NA,NA,NA,NA,NA,NA,NA,NA,NA,NA,1143798.7363213,-17.1354884699047,5066397.45147149,44.5198116369786,0.0216794833886788,1.15589359371873,0.0216794833886788,1.15589359371873,47.7036538778142,1143798.7363213,5066397.45147149
"83","53259",57.5720388161785,-0.0421344192110544,418048.916666667,"p",2017-09-09 16:55:00,NA,NA,NA,NA,NA,NA,NA,NA,NA,NA,NA,NA,NA,NA,NA,NA,1143781.92444872,-16.9210911520537,5066443.98609258,50.6946363895114,0.288079850041616,5.87204308567299,0.288079850041616,5.87204308567299,53.4440781045093,1143781.92444872,5066443.98609258
"84","53259",63.7160109043912,-0.0530028310572301,418049.916666667,"p",2017-09-09 17:55:00,NA,NA,NA,NA,NA,NA,NA,NA,NA,NA,NA,NA,NA,NA,NA,NA,1143764.66062292,-17.3151375939013,5066498.90876524,56.3362937954828,0.65047674823932,5.54646463975026,0.65047674823932,5.54646463975026,58.9371868051631,1143764.66062292,5066498.90876524
"85","53259",106.746247278531,-0.143192075908292,418050.916666667,"p",2017-09-09 18:55:00,NA,NA,NA,NA,NA,NA,NA,NA,NA,NA,NA,NA,NA,NA,NA,NA,1143748.80147866,-10.690825502378,5066560.61952272,80.4255340158286,0.210475651798492,2.8097704532577,0.210475651798492,2.8097704532577,81.132978939846,1143748.80147866,5066560.61952272
"86","53259",97.9087063913605,0.0882315782973477,418051.916666667,"p",2017-09-09 19:55:00,NA,NA,NA,NA,NA,NA,NA,NA,NA,NA,NA,NA,NA,NA,NA,NA,1143737.25750467,-15.6954379936905,5066666.73972802,95.1708440573579,0.230108669980077,2.32762539941461,0.230108669980077,2.32762539941461,96.456396016043,1143737.25750467,5066666.73972802
"87","53259",91.3829584885131,0.110712020232677,418052.916666667,"p",2017-09-09 20:55:00,NA,NA,NA,NA,NA,NA,NA,NA,NA,NA,NA,NA,NA,NA,NA,NA,1143718.13360759,-23.3064783413403,5066762.7625969,100.222530635189,0.0491934955049954,1.75455122467257,0.0491934955049954,1.75455122467257,102.896781191624,1143718.13360759,5066762.7625969
"88","53259",59.5673357312397,0.168779097507789,418053.916666667,"p",2017-09-09 21:55:00,NA,NA,NA,NA,NA,NA,NA,NA,NA,NA,NA,NA,NA,NA,NA,NA,1143690.49155765,-27.7281882525474,5066849.86461856,57.9023631946375,0.0228035085019828,1.44837495145422,0.0228035085019828,1.44837495145422,64.1991907058992,1143690.49155765,5066849.86461856
"89","53259",64.366801835681,-0.256460794377503,418054.916666667,"p",2017-09-09 22:55:00,56.40955417,2.048052945,0.025334453,59.37847808,"Carson","before",2017,2017-09-08 14:10:00,32.75,"Pre",22,-0.98,19.65,240.49,32.75,1,1143663.192,-23.5012713545862,5066902.808,57.2971475024243,0,1.9379293072762,0,1.9379293072762,61.9295799048925,1143663.192,5066902.808
"90","53259",42.5955437655308,-0.165986644335796,418055.916666667,"p",2017-09-09 23:55:00,NA,NA,NA,NA,NA,NA,NA,NA,NA,NA,NA,NA,NA,NA,NA,NA,1143649.1692608,-11.0933858976472,5066965.62876061,51.2984069208516,0.805630188113628,4.86970224962471,0.805630188113628,4.86970224962471,52.4841858400356,1143649.1692608,5066965.62876061
"91","53259",43.526118423337,-0.411904485587705,418056.916666667,"p",2017-09-10 00:55:00,NA,NA,NA,NA,NA,NA,NA,NA,NA,NA,NA,NA,NA,NA,NA,NA,1143646.8859039,10.8837542231772,5067008.16306007,39.6964989712975,0.571541774501217,4.48447878799755,0.571541774501217,4.48447878799755,41.1614885125495,1143646.8859039,5067008.16306007
"92","53259",35.1042749453417,0.112639941127022,418057.916666667,"p",2017-09-10 01:55:00,NA,NA,NA,NA,NA,NA,NA,NA,NA,NA,NA,NA,NA,NA,NA,NA,1143662.14867003,13.9706093666515,5067048.92543187,40.5040787560797,0.392415596020342,3.54771898548913,0.392415596020342,3.54771898548913,42.8457503371603,1143662.14867003,5067048.92543187
"93","53259",7.90700227675026,1.34458084753276,418058.916666667,"p",2017-09-10 02:55:00,0.951098635,1.537876977,0.072170308,19.02197271,"Carson","before",2017,2017-09-08 14:10:00,36.75,"Pre",2,-0.98,19.65,240.49,36.75,1,1143670.685,-0.293769931980574,5067082.976,13.7981217305562,0,1.71925565289168,0,1.71925565289168,13.8012486414883,1143670.685,5067082.976
"94","53259",22.0666748816225,-0.405161874987192,418059.916666667,"p",2017-09-10 03:55:00,6.703740883,2.743316713,0.078715068,9.14146484,"Carson","before",2017,2017-09-08 14:10:00,37.75,"Pre",3,-0.98,19.65,240.49,37.75,1,1143663.642,-10.6767912874938,5067086.57,6.10503947556248,0,4.83493123012107,0,4.83493123012107,12.2989991135409,1143663.642,5067086.57
"95","53259",23.3681540839469,0.048627273242607,418060.916666667,"p",2017-09-10 04:55:00,NA,NA,NA,NA,NA,NA,NA,NA,NA,NA,NA,NA,NA,NA,NA,NA,1143649.53141408,-16.9238313203302,5067103.53553875,25.8932823428733,0.918689283708045,3.73170068467448,0.918689283708045,3.73170068467448,30.9334468988948,1143649.53141408,5067103.53553875
"96","53259",27.3607888775682,0.0186767082831341,418061.916666667,"p",2017-09-10 05:55:00,NA,NA,NA,NA,NA,NA,NA,NA,NA,NA,NA,NA,NA,NA,NA,NA,1143633.73295687,-16.4945546673075,5067120.75411522,13.5145851133841,0.091104335791443,5.49856526741295,0.091104335791443,5.49856526741295,21.3240320872882,1143633.73295687,5067120.75411522
"97","53259",41.8326058941939,-0.239505665731137,418062.916666667,"p",2017-09-10 06:55:00,NA,NA,NA,NA,NA,NA,NA,NA,NA,NA,NA,NA,NA,NA,NA,NA,1143614.86192381,-19.6770189791336,5067140.56564921,26.1851117412988,0.276296941713078,4.81755851028298,0.276296941713078,4.81755851028298,32.7543150258021,1143614.86192381,5067140.56564921
"98","53259",32.7091452387394,0.0575610155561361,418063.916666667,"p",2017-09-10 07:55:00,NA,NA,NA,NA,NA,NA,NA,NA,NA,NA,NA,NA,NA,NA,NA,NA,1143594.0186553,-21.4789202242749,5067176.83581703,37.761658467805,0.229194240765339,2.88557446620253,0.229194240765339,2.88557446620253,43.442915006246,1143594.0186553,5067176.83581703
"99","53259",18.2707622856411,-0.574716435315419,418064.916666667,"p",2017-09-10 08:55:00,NA,NA,NA,NA,NA,NA,NA,NA,NA,NA,NA,NA,NA,NA,NA,NA,1143576.11666008,-3.50135107159026,5067204.21111153,28.7543684873298,0.0202484567313166,1.32341603435957,0.0202484567313166,1.32341603435957,28.9667596812566,1143576.11666008,5067204.21111153
"100","53259",17.2016122145914,0.216758128706285,418065.916666667,"p",2017-09-10 09:55:00,NA,NA,NA,NA,NA,NA,NA,NA,NA,NA,NA,NA,NA,NA,NA,NA,1143576.03574708,-3.40568762951253,5067222.48169465,11.8390253499665,0.0966436754267966,3.23780172339197,0.0966436754267966,3.23780172339197,12.319140776327,1143576.03574708,5067222.48169465
"101","53259",34.2438724409451,0.306920245766305,418066.916666667,"p",2017-09-10 10:55:00,NA,NA,NA,NA,NA,NA,NA,NA,NA,NA,NA,NA,NA,NA,NA,NA,1143572.26192734,-8.97518996836678,5067239.26423759,27.9817084430285,0.106395488626163,2.78360557550814,0.106395488626163,2.78360557550814,29.3858816842191,1143572.26192734,5067239.26423759
"102","53259",55.9160466338187,0.537518177395206,418067.916666667,"p",2017-09-10 11:55:00,NA,NA,NA,NA,NA,NA,NA,NA,NA,NA,NA,NA,NA,NA,NA,NA,1143555.00647116,-29.0237985426488,5067268.84281145,26.4730388805752,0.520624624849805,4.7543338124284,0.520624624849805,4.7543338124284,39.2836183340678,1143555.00647116,5067268.84281145
"103","53259",62.9067845220399,0.102341174458963,418068.916666667,"p",2017-09-10 12:55:00,NA,NA,NA,NA,NA,NA,NA,NA,NA,NA,NA,NA,NA,NA,NA,NA,1143506.07480682,-62.0125073717661,5067295.90378882,27.288120931149,0.927356457895237,4.44752403028921,0.927356457895237,4.44752403028921,67.7509602477069,1143506.07480682,5067295.90378882
"104","53259",33.6603271095431,-0.0796294203847148,418069.916666667,"p",2017-09-10 13:55:00,NA,NA,NA,NA,NA,NA,NA,NA,NA,NA,NA,NA,NA,NA,NA,NA,1143448.2033808,-48.4933265672219,5067320.56472128,23.1598577385348,0.081117199162693,1.61244534791105,0.081117199162693,1.61244534791105,53.7399454039953,1143448.2033808,5067320.56472128
"105","53259",42.1867673596033,-0.67211355800878,418070.916666667,"p",2017-09-10 14:55:00,NA,NA,NA,NA,NA,NA,NA,NA,NA,NA,NA,NA,NA,NA,NA,NA,1143418.38516071,-19.5196754002448,5067336.18174313,20.8034096998559,0.039496835316263,1.32076492987965,0.039496835316263,1.32076492987965,28.5271727107854,1143418.38516071,5067336.18174313
"106","53259",42.2154136110873,0.278532493481414,418071.916666667,"p",2017-09-10 15:55:00,NA,NA,NA,NA,NA,NA,NA,NA,NA,NA,NA,NA,NA,NA,NA,NA,1143401.32866667,-22.0350773727735,5067374.7667059,45.0713697064432,0.0288097205817759,1.1410214721906,0.0288097205817759,1.1410214721906,50.1694429113878,1143401.32866667,5067374.7667059
"107","53259",56.9624642994934,-0.289430244225423,418072.916666667,"p",2017-09-10 16:55:00,NA,NA,NA,NA,NA,NA,NA,NA,NA,NA,NA,NA,NA,NA,NA,NA,1143374.30244893,-26.3366141917963,5067407.19701118,55.9225061397827,0.226053091109146,2.39409899544693,0.226053091109146,2.39409899544693,61.8137843853744,1143374.30244893,5067407.19701118
"108","53259",47.5062726323543,-0.00480808430259794,418073.916666667,"p",2017-09-10 17:55:00,NA,NA,NA,NA,NA,NA,NA,NA,NA,NA,NA,NA,NA,NA,NA,NA,1143351.84112595,-19.6699381571596,5067459.54403888,46.5573759682877,1.67660370988496,6.43420235926723,1.67660370988496,6.43420235926723,50.5420193913834,1143351.84112595,5067459.54403888
"109","53259",NA,NA,418074.916666667,"p",2017-09-10 18:55:00,NA,NA,NA,NA,NA,NA,NA,NA,NA,NA,NA,NA,NA,NA,NA,NA,1143333.31867163,-17.5071150364835,5067503.29063447,41.2919644364497,1.02066155017224,8.34149506983011,1.02066155017224,8.34149506983011,44.8500323736972,1143333.31867163,5067503.29063447
"110","57079",64.6500054530633,NA,400233.933333333,"p",2015-08-29 09:56:00,39.31618306,0.636622404,0.645415154,112.3319516,"Carson","adjustment",2015,2015-08-28 16:25:00,17.51666667,"Pre",9,-1.787179487,7.9191,287.257,17.51666667,1,1143987.156,91.9421467490758,5065626.571,9.5813694185121,0,31.7475731355957,0,31.7475731355957,92.4400399651719,1143987.156,5065626.571
"111","57079",78.4175601540246,0.0733620808564167,400234.933333333,"p",2015-08-29 10:56:00,NA,NA,NA,NA,NA,NA,NA,NA,NA,NA,NA,NA,NA,NA,NA,NA,1144048.29006493,61.5609662488902,5065647.60072445,40.806535808841,9.11995065776126,31.1449610691682,9.11995065776126,31.1449610691682,73.8574703751436,1144048.29006493,5065647.60072445
"112","57079",89.7913659471201,-0.265386885179722,400235.933333333,"p",2015-08-29 11:56:00,NA,NA,NA,NA,NA,NA,NA,NA,NA,NA,NA,NA,NA,NA,NA,NA,1144120.37384085,109.17531431568,5065678.47535789,22.8668109031098,2.35310433257856,31.053708313179,2.35310433257856,31.053708313179,111.544342289541,1144120.37384085,5065678.47535789
"113","57079",35.8710567397734,-0.188619353502174,400236.933333333,"p",2015-08-29 12:56:00,NA,NA,NA,NA,NA,NA,NA,NA,NA,NA,NA,NA,NA,NA,NA,NA,1144209.29557299,45.947479856957,5065690.94191122,-1.27365811367932,14.0121161856445,39.267116013275,14.0121161856445,39.267116013275,45.9651292851005,1144209.29557299,5065690.94191122
"114","57079",19.465659088041,0.277512707507951,400237.933333333,"p",2015-08-29 13:56:00,NA,NA,NA,NA,NA,NA,NA,NA,NA,NA,NA,NA,NA,NA,NA,NA,1144245.12299289,26.3685055021688,5065689.17309959,2.73485639319532,10.7152881435825,40.1270183293003,10.7152881435825,40.1270183293003,26.5099513750838,1144245.12299289,5065689.17309959
"115","57079",35.3066065184542,-0.106932817098171,400238.933333333,"p",2015-08-29 14:56:00,NA,NA,NA,NA,NA,NA,NA,NA,NA,NA,NA,NA,NA,NA,NA,NA,1144264.08408559,48.1545772969964,5065693.5763765,20.7613886200973,4.15379344695906,24.9807505892037,4.15379344695906,24.9807505892037,52.4394753223858,1144264.08408559,5065693.5763765
"116","57079",42.8183650855779,-0.315919923168653,400239.933333333,"p",2015-08-29 15:56:00,NA,NA,NA,NA,NA,NA,NA,NA,NA,NA,NA,NA,NA,NA,NA,NA,1144299.13148043,10.3036654424821,5065697.84680725,-20.424707382626,0.802558409089332,13.6660784426257,0.802558409089332,13.6660784426257,22.8764987097348,1144299.13148043,5065697.84680725
"117","57079",45.7278118861837,0.0501768352907962,400240.933333333,"p",2015-08-29 16:56:00,NA,NA,NA,NA,NA,NA,NA,NA,NA,NA,NA,NA,NA,NA,NA,NA,1144341.14107077,86.6419594192077,5065689.56389065,-43.6841539773226,0.236431808350738,15.9440333667488,0.236431808350738,15.9440333667488,97.0316156760984,1144341.14107077,5065689.56389065
"118","57079",34.2190935945575,0.335056897557016,400241.933333333,"p",2015-08-29 17:56:00,NA,NA,NA,NA,NA,NA,NA,NA,NA,NA,NA,NA,NA,NA,NA,NA,1144386.39235166,55.0470280782164,5065682.97948801,-22.9435071829066,0.140712472794703,8.44238118068593,0.140712472794703,8.44238118068593,59.6370675175769,1144386.39235166,5065682.97948801
"119","57079",35.8124678949984,-0.287366052908774,400242.933333333,"p",2015-08-29 18:56:00,3.371492785,0.095132707,0.010134631,67.42985571,"Carson","before",2015,2015-08-28 16:25:00,26.51666667,"Pre",18,-1.885365854,16.7181,259.481,26.51666667,1,1144419.992,65.3275314392162,5065689.461,8.58158164155654,0,12.8626241490607,0,12.8626241490607,65.888769205476,1144419.992,5065689.461
"120","57079",74.7215486402469,1.04696693013833,400243.933333333,"p",2015-08-29 19:56:00,NA,NA,NA,NA,NA,NA,NA,NA,NA,NA,NA,NA,NA,NA,NA,NA,1144455.63680405,20.7712857084053,5065685.99967066,56.1239842433087,0.174068951855292,11.6766690455797,0.174068951855292,11.6766690455797,59.8443641233104,1144455.63680405,5065685.99967066
"121","57079",79.1151890153915,-0.211895929905196,400244.933333333,"p",2015-08-29 20:56:00,NA,NA,NA,NA,NA,NA,NA,NA,NA,NA,NA,NA,NA,NA,NA,NA,1144499.09107871,65.3784135108818,5065746.78647716,64.5217211109092,0.254361946839538,15.9312679972437,0.254361946839538,15.9312679972437,91.8552635852394,1144499.09107871,5065746.78647716
"122","57079",81.5157379055469,-0.102149949676898,400245.933333333,"p",2015-08-29 21:56:00,NA,NA,NA,NA,NA,NA,NA,NA,NA,NA,NA,NA,NA,NA,NA,NA,1144557.607447,74.8516240269438,5065800.03164385,63.8470852009765,0.425793377120875,13.9809620555955,0.425793377120875,13.9809620555955,98.3830061958452,1144557.607447,5065800.03164385
"123","57079",70.4403193635625,0.0692782301672147,400246.933333333,"p",2015-08-29 22:56:00,NA,NA,NA,NA,NA,NA,NA,NA,NA,NA,NA,NA,NA,NA,NA,NA,1144623.17934012,29.2071783947007,5065848.45831376,22.9861558612015,1.59524292820874,20.3038937152459,1.59524292820874,20.3038937152459,37.16749428002,1144623.17934012,5065848.45831376
"124","57079",29.1424356358409,-0.127051792567951,400247.933333333,"p",2015-08-29 23:56:00,NA,NA,NA,NA,NA,NA,NA,NA,NA,NA,NA,NA,NA,NA,NA,NA,1144676.80939071,23.0877081434437,5065894.12729958,9.74260437334276,1.29092989739955,17.425796968862,1.29092989739955,17.425796968862,25.0591421898739,1144676.80939071,5065894.12729958
"125","57079",58.7484232484827,0.114462407846205,400248.933333333,"p",2015-08-30 00:56:00,NA,NA,NA,NA,NA,NA,NA,NA,NA,NA,NA,NA,NA,NA,NA,NA,1144701.21235013,17.7243424087859,5065910.05768333,11.2926702253409,5.10189180598727,26.172930672739,5.10189180598727,26.172930672739,21.0161060770588,1144701.21235013,5065910.05768333
"126","57079",51.4667253542859,0.0799952328142052,400249.933333333,"p",2015-08-30 01:56:00,NA,NA,NA,NA,NA,NA,NA,NA,NA,NA,NA,NA,NA,NA,NA,NA,1144746.41667983,-43.3004636558222,5065947.58028732,-31.0652105225984,0.187082869338697,12.0655749966589,0.187082869338697,12.0655749966589,53.2914388773895,1144746.41667983,5065947.58028732
"127","57079",40.5687273767258,-0.0522922416544744,400250.933333333,"p",2015-08-30 02:56:00,NA,NA,NA,NA,NA,NA,NA,NA,NA,NA,NA,NA,NA,NA,NA,NA,1144783.26463881,13.9064486344567,5065983.51149573,16.0771193730335,0.16431676725155,10.4017642734298,0.16431676725155,10.4017642734298,21.2570713165654,1144783.26463881,5065983.51149573
"128","57079",41.5426851713017,0.313696075232847,400251.933333333,"p",2015-08-30 03:56:00,NA,NA,NA,NA,NA,NA,NA,NA,NA,NA,NA,NA,NA,NA,NA,NA,1144813.75078697,48.5158690345407,5066010.27745193,10.2160633829247,0.283372546306095,10.0067677099051,0.283372546306095,10.0067677099051,49.5798093907252,1144813.75078697,5066010.27745193
"129","57079",61.4867789441431,-0.0978188877499467,400252.933333333,"p",2015-08-30 04:56:00,NA,NA,NA,NA,NA,NA,NA,NA,NA,NA,NA,NA,NA,NA,NA,NA,1144834.98774903,27.9510115579917,5066045.98159922,33.6224785827847,0.966126285741155,17.7327747405757,0.966126285741155,17.7327747405757,43.7233360251113,1144834.98774903,5066045.98159922
"130","57079",64.9636602959473,-0.083828702007985,400253.933333333,"p",2015-08-30 05:56:00,NA,NA,NA,NA,NA,NA,NA,NA,NA,NA,NA,NA,NA,NA,NA,NA,1144871.43105635,47.2188868459363,5066095.50441554,62.8505817694917,1.27385242473373,24.6154524638488,1.27385242473373,24.6154524638488,78.6118241979723,1144871.43105635,5066095.50441554
"131","57079",71.7578173437318,-0.129626359815803,400254.933333333,"p",2015-08-30 06:56:00,NA,NA,NA,NA,NA,NA,NA,NA,NA,NA,NA,NA,NA,NA,NA,NA,1144914.1809553,55.2588844513446,5066144.4198865,49.7373881327103,0.471487009365051,16.8437466140998,0.471487009365051,16.8437466140998,74.3461639163106,1144914.1809553,5066144.4198865
"132","57079",17.5980985564468,0.343234742245576,400255.933333333,"p",2015-08-30 07:56:00,NA,NA,NA,NA,NA,NA,NA,NA,NA,NA,NA,NA,NA,NA,NA,NA,1144967.98991317,5.55737836727563,5066191.89388362,8.94074458612116,0.163401346383682,10.3923337128866,0.163401346383682,10.3923337128866,10.5271728432337,1144967.98991317,5066191.89388362
"133","57079",8.01324871424361,-0.941274980164963,400256.933333333,"p",2015-08-30 08:56:00,NA,NA,NA,NA,NA,NA,NA,NA,NA,NA,NA,NA,NA,NA,NA,NA,1144976.49829281,5.35243876524923,5066207.29844621,-1.37035730775963,0.822009732302483,15.1399933949787,0.822009732302483,15.1399933949787,5.52507736476811,1144976.49829281,5066207.29844621
"134","57079",61.5894663732242,0.734409259177401,400257.933333333,"p",2015-08-30 09:56:00,NA,NA,NA,NA,NA,NA,NA,NA,NA,NA,NA,NA,NA,NA,NA,NA,1144984.4491272,5.80903914822513,5066208.29663832,-0.836881751645535,0.506853035898967,18.3332403027943,0.506853035898967,18.3332403027943,5.86901242900792,1144984.4491272,5066208.29663832
"135","57079",68.8207473873877,-0.240989539580582,400258.933333333,"p",2015-08-30 10:56:00,NA,NA,NA,NA,NA,NA,NA,NA,NA,NA,NA,NA,NA,NA,NA,NA,1145024.66500002,70.0061118336487,5066254.94367404,53.2779331619516,0.216794833886788,15.2302659201998,0.216794833886788,15.2302659201998,87.9738248348604,1145024.66500002,5066254.94367404
"136","57079",66.366888250594,0.0604961765063368,400259.933333333,"p",2015-08-30 11:56:00,NA,NA,NA,NA,NA,NA,NA,NA,NA,NA,NA,NA,NA,NA,NA,NA,1145080.74414784,50.8991666268538,5066294.83633565,37.5614672135578,1.29949990380915,23.430029876208,1.29949990380915,23.430029876208,63.2581139660629,1145080.74414784,5066294.83633565
"137","57079",19.4975668666171,-0.0953607246490601,400260.933333333,"p",2015-08-30 12:56:00,NA,NA,NA,NA,NA,NA,NA,NA,NA,NA,NA,NA,NA,NA,NA,NA,1145132.39893465,10.3715289896586,5066336.50583115,15.0471871804689,1.69227657314045,17.1582807996606,1.69227657314045,17.1582807996606,18.2752963211926,1145132.39893465,5066336.50583115
"138","57079",15.5695643911814,0.555728871796223,400261.933333333,"p",2015-08-30 13:56:00,NA,NA,NA,NA,NA,NA,NA,NA,NA,NA,NA,NA,NA,NA,NA,NA,1145148.67098925,4.53504836842665,5066347.24712312,7.50834952471024,1.82926214633114,32.3922953802289,1.82926214633114,32.3922953802289,8.77165755653889,1145148.67098925,5066347.24712312
"139","57079",NA,NA,400262.933333333,"p",2015-08-30 14:56:00,NA,NA,NA,NA,NA,NA,NA,NA,NA,NA,NA,NA,NA,NA,NA,NA,1145155.18440607,20.0354721388824,5066361.3887898,29.5160341426482,2.62568086408078,34.2845256639202,2.62568086408078,34.2845256639202,35.6737496674782,1145155.18440607,5066361.3887898
